{
  "id": "a15b4904-1970-48dc-b768-ea7fd29a28ee",
  "name": "product",
  "isOverridable": true,
  "entries": [
    {
      "value": "restaurant",
      "synonyms": [
        "restaurant",
        "restaurants",
        "diner",
        "diners"
      ]
    },
    {
      "value": "clothing",
      "synonyms": [
        "clothes",
        "clothing store",
        "clothes shop",
        "sweaters",
        "t shirts",
        "jeans",
        "shoes",
        "dress",
        "dresses"
      ]
    }
  ],
  "isEnum": false,
  "automatedExpansion": false
}