{
  "id": "6c0a8ecb-6a02-426e-a65e-06188e76911a",
  "name": "input",
  "auto": true,
  "contexts": [
    "start"
  ],
  "userSays": [
    {
      "id": "fd936b93-2db1-4d03-b97a-6caae9a038de",
      "data": [
        {
          "text": "looking for "
        },
        {
          "text": "restaurants",
          "alias": "product",
          "meta": "@product",
          "userDefined": true
        },
        {
          "text": " in "
        },
        {
          "text": "Boston",
          "alias": "geo-city-us",
          "meta": "@sys.geo-city-us",
          "userDefined": true
        }
      ],
      "isTemplate": false,
      "count": 0
    },
    {
      "id": "65913db9-f7a7-4f71-8e71-9a51c76ed874",
      "data": [
        {
          "text": "restuarants",
          "alias": "product",
          "meta": "@product",
          "userDefined": true
        }
      ],
      "isTemplate": false,
      "count": 0
    },
    {
      "id": "d1d27a80-2da4-4c75-aba2-09264b693bed",
      "data": [
        {
          "text": "Boston",
          "alias": "geo-city-us",
          "meta": "@sys.geo-city-us",
          "userDefined": false
        }
      ],
      "isTemplate": false,
      "count": 0
    },
    {
      "id": "2f3451e4-ed00-4201-97a0-8826866db3ed",
      "data": [
        {
          "text": "restuarants",
          "alias": "product",
          "meta": "@product",
          "userDefined": true
        },
        {
          "text": " in "
        },
        {
          "text": "Boston",
          "alias": "geo-city-us",
          "meta": "@sys.geo-city-us",
          "userDefined": true
        }
      ],
      "isTemplate": false,
      "count": 0
    },
    {
      "id": "a41c20f9-98a4-4481-9af7-81e11b484646",
      "data": [
        {
          "text": "boston",
          "alias": "geo-city-us",
          "meta": "@sys.geo-city-us",
          "userDefined": true
        },
        {
          "text": " "
        },
        {
          "text": "restaurants",
          "alias": "product",
          "meta": "@product",
          "userDefined": true
        }
      ],
      "isTemplate": false,
      "count": 0
    }
  ],
  "responses": [
    {
      "resetContexts": true,
      "action": "getProductsByLocation",
      "affectedContexts": [
        {
          "name": "start",
          "lifespan": 5
        }
      ],
      "parameters": [
        {
          "required": true,
          "dataType": "@product",
          "name": "product",
          "value": "$product",
          "prompts": [
            "what are you looking for in $geo-city-us ?"
          ]
        },
        {
          "required": true,
          "dataType": "@sys.geo-city-us",
          "name": "geo-city-us",
          "value": "$geo-city-us",
          "prompts": [
            "in what city are you looking for $product.original ?"
          ]
        },
        {
          "name": "product-original",
          "value": "$product.original"
        }
      ],
      "speech": "One moment while we search for $product.original in $geo-city-us..."
    }
  ],
  "state": "LEARNED",
  "priority": 500000,
  "webhookUsed": false
}