{
  "id": "e3fc2548-e66a-4d76-9fa8-581e252b1e33",
  "name": "unknown",
  "auto": true,
  "contexts": [],
  "userSays": [
    {
      "id": "7b7a9db8-543e-46f2-824b-816c11289658",
      "data": [
        {
          "text": "anything",
          "alias": "any",
          "meta": "@sys.any",
          "userDefined": true
        }
      ],
      "isTemplate": false,
      "count": 0
    }
  ],
  "responses": [
    {
      "resetContexts": false,
      "affectedContexts": [
        {
          "name": "start",
          "lifespan": 5
        }
      ],
      "parameters": [
        {
          "dataType": "@sys.any",
          "name": "any",
          "value": "$any"
        }
      ],
      "speech": "I did not understand that, where are you and what are you looking for ?"
    }
  ],
  "state": "LEARNED",
  "priority": 500000,
  "webhookUsed": false
}